commit id,author,date,comment,changed files,lines added,lines deleted

e504d5e,Your Name,Wed Nov 22 11:01:34 2023,"Automated commit by gtavares",   1, 2, 1 
07e2498,Your Name,Wed Nov 22 10:56:30 2023,"Automated commit by gtavares",   1, 2, 1 
bd73a98,Your Name,Wed Nov 22 10:56:16 2023,"Automated commit by gtavares",   1, 1, 1 
65f862f,root,Wed Nov 22 10:38:27 2023,"Automated commit by gtavares",   1, 1, 7 
3a97440,root,Wed Nov 22 09:40:45 2023,"Automated commit by gtavares",   1, 5, 2 
6a3835a,root,Tue Nov 21 22:12:39 2023,"Automated commit by root",   1, 4 
36e7cbc,root,Tue Nov 21 22:12:36 2023,"Automated commit by root",   1, 4 
82cc13f,root,Tue Nov 21 22:03:44 2023,"Automated commit by root",   2, 1, 1 
8b5d3d6,root,Tue Nov 21 22:03:21 2023,"Automated commit by root",   1, 0, 0 
73d6ac9,root,Tue Nov 21 22:03:10 2023,"Automated commit by root",   1, 1, 1 
477cafd,root,Tue Nov 21 22:02:53 2023,"Automated commit by root",   1, 1, 1 
3174620,root,Tue Nov 21 22:01:27 2023,"Automated commit by root",   2, 4, 2 
29881e2,root,Tue Nov 21 21:50:37 2023,"Automated commit",   1, 2, 2 
54e16cd,root,Tue Nov 21 21:41:41 2023,"Automated commit",   1, 2, 1 
ad22cb6,root,Tue Nov 21 21:40:43 2023,"Automated commit",   1, 1, 3 
5ddb2cf,root,Tue Nov 21 21:36:01 2023,"Automated commit",   1, 1, 1 
39531cd,root,Tue Nov 21 17:06:05 2023,"Automated commit",   1, 1 
cf291cd,root,Tue Nov 21 17:04:42 2023,"Automated commit",   1, 1, 1 
454f9b0,root,Tue Nov 21 17:03:53 2023,"Automated commit",   1, 1, 1 
bd0e4b1,root,Tue Nov 21 17:02:17 2023,"Automated commit",   1, 2, 2 
fec9eb0,root,Tue Nov 21 17:00:36 2023,"Automated commit",   2, 2, 2 
bbc8374,root,Tue Nov 21 16:59:50 2023,"Automated commit",   2, 89, 3 
b6fc3e1,root,Tue Nov 21 16:11:55 2023,"Automated commit",   1, 2, 2 
0c3612d,root,Tue Nov 21 14:24:40 2023,"Automated commit",   1, 1, 1 
acb4728,root,Tue Nov 21 14:21:37 2023,"Automated commit",   2, 4, 3 
08a2089,root,Tue Nov 21 11:28:58 2023,"GGG",   1, 1 
81a63c0,a2480,Tue Apr 25 09:46:39 2023,"Add files via upload",   1, 0, 0 
be80ed8,a2480,Mon Apr 24 17:06:10 2023,"Create README.md",   1, 39 
0904a08,a2480,Mon Feb 6 11:35:19 2023,"Add files via upload",   6, 0, 0 